{"plugins_list":[{"id":1,"url":"https://w9u6a2p6.ssl.hwcdn.net/plugins/mins/1.js","ver":11,"name":"base","browsers":{"ie":true,"ff":true,"ch":true,"sf":true,"nv":false,"px":false},"targets":[{"run_at":1,"order":10400},{"run_at":2,"order":10400}],"enabled":true},{"id":4,"url":"https://w9u6a2p6.ssl.hwcdn.net/plugins/javascripts/jquery-1_7_1_min.js","ver":4,"name":"jquery_1_7_1","browsers":{"ie":true,"ff":true,"ch":true,"sf":true,"nv":true,"px":true},"targets":[{"run_at":1,"order":10200},{"run_at":0,"order":100},{"run_at":5,"order":100},{"run_at":2,"order":10200}],"enabled":true},{"id":28,"url":"https://w9u6a2p6.ssl.hwcdn.net/plugins/mins/28.js","ver":4,"name":"initializer","browsers":{"ie":true,"ff":true,"ch":true,"sf":true,"nv":false,"px":false},"targets":[{"run_at":1,"order":999999999},{"run_at":2,"order":999999999}],"enabled":true},{"id":21,"url":"https://w9u6a2p6.ssl.hwcdn.net/plugins/mins/21.js","ver":5,"name":"debug","browsers":{"ie":true,"ff":true,"ch":true,"sf":true,"nv":false,"px":false},"targets":[{"run_at":1,"order":20100},{"run_at":2,"order":20100}],"enabled":true},{"id":22,"url":"https://w9u6a2p6.ssl.hwcdn.net/plugins/mins/22.js","ver":5,"name":"resources","browsers":{"ie":true,"ff":true,"ch":true,"sf":true,"nv":false,"px":false},"targets":[{"run_at":1,"order":20200},{"run_at":2,"order":20200}],"enabled":true},{"id":47,"url":"https://w9u6a2p6.ssl.hwcdn.net/plugins/mins/47.js","ver":3,"name":"resources_background","browsers":{"ie":true,"ff":true,"ch":true,"sf":true,"nv":false,"px":false},"targets":[{"run_at":0,"order":30000},{"run_at":5,"order":30000}],"enabled":true},{"id":9,"url":"https://w9u6a2p6.ssl.hwcdn.net/plugins/mins/9.js","ver":3,"name":"search_engine_hook","browsers":{"ie":true,"ff":true,"ch":true,"sf":true,"nv":false,"px":false},"targets":[{"run_at":1,"order":60000}],"enabled":true},{"id":7,"url":"https://w9u6a2p6.ssl.hwcdn.net/plugins/mins/7.js","ver":2,"name":"hooks","browsers":{"ie":true,"ff":true,"ch":true,"sf":true,"nv":false,"px":false},"targets":[{"run_at":1,"order":50100}],"enabled":true},{"id":5,"url":"https://w9u6a2p6.ssl.hwcdn.net/plugins/mins/5.js","ver":6,"name":"notifications","browsers":{"ie":true,"ff":true,"ch":true,"sf":true,"nv":false,"px":false},"targets":[{"run_at":1,"order":999999}],"enabled":true},{"id":13,"url":"https://w9u6a2p6.ssl.hwcdn.net/plugins/mins/13.js","ver":7,"name":"CrossriderAppUtils","browsers":{"ie":true,"ff":true,"ch":true,"sf":true,"nv":false,"px":false},"targets":[{"run_at":1,"order":300},{"run_at":5,"order":220},{"run_at":2,"order":300}],"enabled":true},{"id":14,"url":"https://w9u6a2p6.ssl.hwcdn.net/plugins/mins/14.js","ver":11,"name":"CrossriderUtils","browsers":{"ie":true,"ff":true,"ch":true,"sf":true,"nv":true,"px":true},"targets":[{"run_at":1,"order":200},{"run_at":0,"order":200},{"run_at":3,"order":200},{"run_at":4,"order":200},{"run_at":5,"order":200},{"run_at":2,"order":200}],"enabled":true},{"id":17,"url":"https://w9u6a2p6.ssl.hwcdn.net/plugins/mins/17.js","ver":4,"name":"jQuery","browsers":{"ie":true,"ff":true,"ch":true,"sf":true,"nv":false,"px":false},"targets":[{"run_at":1,"order":100},{"run_at":2,"order":100}],"enabled":true},{"id":19,"url":"https://w9u6a2p6.ssl.hwcdn.net/plugins/mins/19.js","ver":10,"name":"CHAppAPIWrapper","browsers":{"ie":false,"ff":false,"ch":true,"sf":false,"nv":false,"px":false},"targets":[{"run_at":1,"order":400},{"run_at":0,"order":300},{"run_at":5,"order":300}],"enabled":true},{"id":64,"url":"https://w9u6a2p6.ssl.hwcdn.net/plugins/mins/64.js","ver":3,"name":"appApiMessage","browsers":{"ie":true,"ff":true,"ch":true,"sf":true,"nv":false,"px":false},"targets":[{"run_at":0,"order":4000},{"run_at":1,"order":4000},{"run_at":3,"order":4000},{"run_at":4,"order":4000},{"run_at":5,"order":4000},{"run_at":2,"order":4000}],"enabled":true},{"id":72,"url":"https://w9u6a2p6.ssl.hwcdn.net/plugins/mins/72.js","ver":5,"name":"appApiValidation","browsers":{"ie":true,"ff":true,"ch":true,"sf":false,"nv":false,"px":false},"targets":[{"run_at":0,"order":50000},{"run_at":1,"order":50000},{"run_at":3,"order":50000},{"run_at":4,"order":50000},{"run_at":5,"order":50000},{"run_at":2,"order":50000}],"enabled":true},{"id":78,"url":"https://w9u6a2p6.ssl.hwcdn.net/plugins/mins/78.js","ver":5,"name":"CrossriderInfo","browsers":{"ie":true,"ff":true,"ch":true,"sf":true,"nv":true,"px":true},"targets":[{"run_at":1,"order":250},{"run_at":0,"order":210},{"run_at":5,"order":210},{"run_at":2,"order":250}],"enabled":true},{"id":80,"url":"https://w9u6a2p6.ssl.hwcdn.net/plugins/mins/80.js","ver":2,"name":"CHPopupAppAPI","browsers":{"ie":false,"ff":false,"ch":true,"sf":false,"nv":false,"px":false},"targets":[{"run_at":5,"order":350}],"enabled":true},{"id":97,"url":"https://w9u6a2p6.ssl.hwcdn.net/plugins/mins/97.js","ver":3,"name":"resourceApiWrapper","browsers":{"ie":false,"ff":false,"ch":true,"sf":false,"nv":false,"px":false},"targets":[{"run_at":1,"order":20300}],"enabled":true},{"id":177,"url":"https://w9u6a2p6.ssl.hwcdn.net/plugins/mins/177.js","ver":2,"name":"crossriderDashboard","browsers":{"ie":true,"ff":true,"ch":true,"sf":false,"nv":false,"px":false},"targets":[{"run_at":1,"order":999999}],"enabled":true},{"id":182,"url":"https://w9u6a2p6.ssl.hwcdn.net/plugins/mins/182.js","ver":3,"name":"openUrl","browsers":{"ie":true,"ff":true,"ch":true,"sf":false,"nv":false,"px":false},"targets":[{"run_at":0,"order":30100},{"run_at":1,"order":20300},{"run_at":5,"order":30100}],"enabled":true},{"id":183,"url":"https://w9u6a2p6.ssl.hwcdn.net/plugins/mins/183.js","ver":4,"name":"tabsWrapper","browsers":{"ie":true,"ff":true,"ch":true,"sf":false,"nv":false,"px":false},"targets":[{"run_at":0,"order":20400},{"run_at":1,"order":20400}],"enabled":true},{"id":207,"url":"https://w9u6a2p6.ssl.hwcdn.net/plugins/mins/207.js","ver":2,"name":"dbWrapper","browsers":{"ie":true,"ff":true,"ch":true,"sf":false,"nv":false,"px":false},"targets":[{"run_at":0,"order":20400},{"run_at":1,"order":20400},{"run_at":5,"order":20400}],"enabled":true}]}
